list_title,sort_option,imdb_id,tmdb_id,movie_title,release_date,category,listOrder
Halloween,List Order,tt0107688,9479,The Nightmare Before Christmas,1993-10-09,Seasonal,1
Halloween,List Order,tt1142977,62214,Frankenweenie,2012-10-04,Seasonal,2
Halloween,List Order,tt0837562,76492,Hotel Transylvania,2012-09-20,Seasonal,3
Halloween,List Order,tt0112642,8839,Casper,1995-05-26,Seasonal,4
Halloween,List Order,tt0312004,533,Wallace & Gromit: The Curse of the Were-Rabbit,2005-09-04,Seasonal,5
Halloween,List Order,tt0787474,170687,The Boxtrolls,2014-09-10,Seasonal,6
Halloween,List Order,tt1623288,77174,ParaNorman,2012-08-03,Seasonal,7
Halloween,List Order,tt0121164,3933,Corpse Bride,2005-09-12,Seasonal,8
Halloween,List Order,tt0101272,2907,The Addams Family,1991-11-22,Seasonal,9
Halloween,List Order,tt0192255,24100,The Little Vampire,2000-10-27,Seasonal,10
Halloween,List Order,tt1620981,481084,The Addams Family,2019-10-10,Seasonal,11
Halloween,List Order,tt0100944,10166,The Witches,1990-05-25,Seasonal,12
Halloween,List Order,tt0267913,9637,Scooby-Doo,2002-06-14,Seasonal,13
Halloween,List Order,tt1051904,257445,Goosebumps,2015-08-05,Seasonal,14
Halloween,List Order,tt0385880,9297,Monster House,2006-06-30,Seasonal,15
Halloween,List Order,tt0089908,13155,Return to Oz,1985-06-21,Seasonal,16
Halloween,List Order,tt0107120,10439,Hocus Pocus,1993-07-16,Seasonal,17
Halloween,List Order,tt0338094,10756,The Haunted Mansion,2003-11-26,Seasonal,18
Halloween,List Order,tt11909878,642885,Hocus Pocus 2,2022-09-30,Seasonal,19
Halloween,List Order,tt1695843,616747,Haunted Mansion,2023-07-26,Seasonal,20
Halloween,List Order,tt0093560,13509,The Monster Squad,1987-08-14,Seasonal,21
Halloween,List Order,tt14602326,826914,Muppets Haunted Mansion,2021-10-08,Seasonal,22
Halloween,List Order,tt0083866,601,E.T. the Extra-Terrestrial,1982-06-11,Seasonal,23
Halloween,List Order,tt0087332,620,Ghostbusters,1984-06-08,Seasonal,24
Halloween,List Order,tt0091419,10776,Little Shop of Horrors,1986-12-19,Seasonal,25
Halloween,List Order,tt0116365,10779,The Frighteners,1996-07-18,Seasonal,26
Halloween,List Order,tt0094721,4011,Beetlejuice,1988-03-30,Seasonal,27
Halloween,List Order,tt0115963,9100,The Craft,1996-05-03,Seasonal,28
Halloween,List Order,tt0104070,9374,Death Becomes Her,1992-07-30,Seasonal,29
Halloween,List Order,tt0162661,2668,Sleepy Hollow,1999-11-19,Seasonal,30
Halloween,List Order,tt0091369,13597,Labyrinth,1986-06-27,Seasonal,31
Halloween,List Order,tt0100814,9362,Tremors,1990-01-19,Seasonal,32
Halloween,List Order,tt0365748,747,Shaun of the Dead,2004-04-09,Seasonal,33
Halloween,List Order,tt0120791,6435,Practical Magic,1998-10-16,Seasonal,34
Halloween,List Order,tt22687790,945729,A Haunting in Venice,2023-09-13,Seasonal,35
Halloween,List Order,tt4263482,310131,The Witch,2016-02-19,Seasonal,36
Halloween,List Order,tt0084516,609,Poltergeist,1982-06-04,Seasonal,37
Halloween,List Order,tt6644200,447332,A Quiet Place,2018-04-03,Seasonal,38
Halloween,List Order,tt0054215,539,Psycho,1960-06-22,Seasonal,39
Halloween,List Order,tt0298130,565,The Ring,2002-10-18,Seasonal,40
Halloween,List Order,tt0185937,2667,The Blair Witch Project,1999-07-14,Seasonal,41
Halloween,List Order,tt7784604,493922,Hereditary,2018-06-07,Seasonal,42
Halloween,List Order,tt1457767,138843,The Conjuring,2013-07-18,Seasonal,43
Halloween,List Order,tt2321549,242224,The Babadook,2014-05-22,Seasonal,44
Halloween,List Order,tt10638522,1008042,Talk to Me,2023-07-26,Seasonal,45
Halloween,List Order,tt1179904,23827,Paranormal Activity,2007-09-14,Seasonal,46
Halloween,List Order,tt0103874,6114,Bram Stoker's Dracula,1992-11-13,Seasonal,47
Halloween,List Order,tt0081505,694,The Shining,1980-05-23,Seasonal,48
Halloween,List Order,tt1396484,346364,It,2017-09-06,Seasonal,49
Halloween,List Order,tt0077651,948,Halloween,1978-10-24,Seasonal,50
Halloween,List Order,tt0087298,9730,Friday the 13th: The Final Chapter,1984-04-13,Seasonal,51
Halloween,List Order,tt0087800,377,A Nightmare on Elm Street,1984-10-31,Seasonal,52
Halloween,List Order,tt0117571,4232,Scream,1996-12-20,Seasonal,53
Halloween,List Order,tt0078748,348,Alien,1979-05-25,Seasonal,54
Halloween,List Order,tt0082010,814,An American Werewolf in London,1981-08-21,Seasonal,55
Halloween,List Order,tt5052448,419430,Get Out,2017-02-24,Seasonal,56
Halloween,List Order,tt0862856,23202,Trick 'r Treat,2007-12-09,Seasonal,57
Halloween,List Order,tt5308322,440021,Happy Death Day,2017-10-12,Seasonal,58
Halloween,List Order,tt0093177,9003,Hellraiser,1987-09-11,Seasonal,59
Halloween,List Order,tt0070047,9552,The Exorcist,1973-12-26,Seasonal,60
Christmas,List Order,tt1430607,51052,Arthur Christmas,2011-11-10,Seasonal,1
Christmas,List Order,tt4729430,508965,Klaus,2019-11-08,Seasonal,2
Christmas,List Order,tt0338348,5255,The Polar Express,2004-11-10,Seasonal,3
Christmas,List Order,tt2294629,109445,Frozen,2013-11-20,Seasonal,4
Christmas,List Order,tt0111070,11395,The Santa Clause,1994-11-11,Seasonal,5
Christmas,List Order,tt0104940,10437,The Muppet Christmas Carol,1992-12-10,Seasonal,6
Christmas,List Order,tt0099785,771,Home Alone,1990-11-16,Seasonal,7
Christmas,List Order,tt0319343,10719,Elf,2003-10-09,Seasonal,8
Christmas,List Order,tt0116705,9279,Jingle All the Way,1996-11-21,Seasonal,9
Christmas,List Order,tt0104431,772,Home Alone 2: Lost in New York,1992-11-15,Seasonal,10
Christmas,List Order,tt2990140,527435,The Christmas Chronicles,2018-11-22,Seasonal,11
Christmas,List Order,tt0170016,8871,How the Grinch Stole Christmas,2000-11-17,Seasonal,12
Christmas,List Order,tt5097410,454467,Noelle,2019-11-12,Seasonal,13
Christmas,List Order,tt2709692,360920,The Grinch,2018-11-08,Seasonal,14
Christmas,List Order,tt0155753,17037,I'll Be Home for Christmas,1998-11-13,Seasonal,15
Christmas,List Order,tt0060345,13377,How the Grinch Stole Christmas!,1966-12-18,Seasonal,16
Christmas,List Order,tt0085334,850,A Christmas Story,1983-11-18,Seasonal,17
Christmas,List Order,tt0097958,5825,National Lampoon's Christmas Vacation,1989-11-30,Seasonal,18
Christmas,List Order,tt0388419,13673,Christmas with the Kranks,2004-11-24,Seasonal,19
Christmas,List Order,tt0252028,15566,Surviving Christmas,2004-09-21,Seasonal,20
Christmas,List Order,tt0457939,1581,The Holiday,2006-12-08,Seasonal,21
Christmas,List Order,tt0314331,508,Love Actually,2003-09-07,Seasonal,22
Christmas,List Order,tt8623904,549053,Last Christmas,2019-11-07,Seasonal,23
Christmas,List Order,tt8522006,520172,Happiest Season,2020-11-26,Seasonal,24
Christmas,List Order,tt0033045,20334,The Shop Around the Corner,1940-01-12,Seasonal,25
Christmas,List Order,tt0039628,11881,Miracle on 34th Street,1947-06-04,Seasonal,26
Christmas,List Order,tt0037595,13669,Christmas in Connecticut,1945-07-27,Seasonal,27
Christmas,List Order,tt0037059,909,Meet Me in St. Louis,1944-11-28,Seasonal,28
Christmas,List Order,tt0047673,13368,White Christmas,1954-10-14,Seasonal,29
Christmas,List Order,tt0038650,1585,It's a Wonderful Life,1946-12-20,Seasonal,30
Christmas,List Order,tt3281548,331482,Little Women,2019-12-25,Seasonal,31
Christmas,List Order,tt0087056,13189,A Christmas Carol,1984-10-09,Seasonal,32
Christmas,List Order,tt1067106,17979,A Christmas Carol,2009-11-04,Seasonal,33
Christmas,List Order,tt0096061,9647,Scrooged,1988-11-22,Seasonal,34
Christmas,List Order,tt10999120,632856,Spirited,2022-11-10,Seasonal,35
Christmas,List Order,tt0424205,11661,Joyeux Noel,2005-11-09,Seasonal,36
Christmas,List Order,tt0099487,162,Edward Scissorhands,1990-12-07,Seasonal,37
Christmas,List Order,tt3530002,296100,The Night Before,2015-11-20,Seasonal,38
Christmas,List Order,tt0307987,10147,Bad Santa,2003-11-26,Seasonal,39
Christmas,List Order,tt12003946,899112,Violent Night,2022-11-30,Seasonal,40
Christmas,List Order,tt3850590,287903,Krampus,2015-11-26,Seasonal,41
Christmas,List Order,tt0095016,562,Die Hard,1988-07-15,Seasonal,42
Christmas,List Order,tt6433880,461928,Anna and the Apocalypse,2018-11-30,Seasonal,43
Christmas,List Order,tt0103776,364,Batman Returns,1992-06-19,Seasonal,44
Christmas,List Order,tt0120663,345,Eyes Wide Shut,1999-07-16,Seasonal,45
Christmas,List Order,tt21328106,1022964,Candy Cane Lane,2023-11-29,Seasonal,46
Valentine’s Day,List Order,tt0098635,639,When Harry Met Sally,1989-07-21,Seasonal,1
Valentine’s Day,List Order,tt0108160,858,Sleepless in Seattle,1993-06-24,Seasonal,2
Valentine’s Day,List Order,tt0128853,9489,You've Got Mail,1998-12-18,Seasonal,3
Valentine’s Day,List Order,tt0147800,4951,10 Things I Hate About You,1999-03-30,Seasonal,4
Valentine’s Day,List Order,tt1570728,50646,Crazy Stupid Love,2011-07-29,Seasonal,5
Valentine’s Day,List Order,tt5164432,449176,Love Simon,2018-02-16,Seasonal,6
Valentine’s Day,List Order,tt3846674,466282,To All the Boys I've Loved Before,2018-08-16,Seasonal,7
Valentine’s Day,List Order,tt2398249,180296,They Came Together,2014-06-27,Seasonal,8
Valentine’s Day,List Order,tt1022603,19913,(500) Days of Summer,2009-07-17,Seasonal,9
Valentine’s Day,List Order,tt3783958,313369,La La Land,2016-11-29,Seasonal,10
Valentine’s Day,List Order,tt1045658,82693,Silver Linings Playbook,2012-11-16,Seasonal,11
Valentine’s Day,List Order,tt0093779,2493,The Princess Bride,1987-09-25,Seasonal,12
Valentine’s Day,List Order,tt0100405,114,Pretty Woman,1990-03-23,Seasonal,13
Valentine’s Day,List Order,tt0414387,4348,Pride & Prejudice,2005-09-16,Seasonal,14
Valentine’s Day,List Order,tt0332280,11036,The Notebook,2004-06-25,Seasonal,15
Valentine’s Day,List Order,tt0120338,597,Titanic,1997-11-18,Seasonal,16
Valentine’s Day,List Order,tt0281358,10229,A Walk to Remember,2002-01-25,Seasonal,17
Valentine’s Day,List Order,tt2582846,222935,The Fault in Our Stars,2014-05-16,Seasonal,18
Valentine’s Day,List Order,tt2674426,296096,Me Before You,2016-06-01,Seasonal,19
Valentine’s Day,List Order,tt1606389,72570,The Vow,2012-02-05,Seasonal,20
Valentine’s Day,List Order,tt0117509,454,Romeo + Juliet,1996-11-01,Seasonal,21
Valentine’s Day,List Order,tt0203009,824,Moulin Rouge!,2001-05-24,Seasonal,22
Valentine’s Day,List Order,tt1798709,152601,Her,2013-12-18,Seasonal,23
Summer Blockbusters,List Order,tt0073195,578,Jaws,1975-06-20,Seasonal,1
Summer Blockbusters,List Order,tt0107290,329,Jurassic Park,1993-06-11,Seasonal,2
Summer Blockbusters,List Order,tt0076759,11,Star Wars,1977-05-25,Seasonal,3
Summer Blockbusters,List Order,tt0116629,602,Independence Day,1996-06-25,Seasonal,4
Summer Blockbusters,List Order,tt0468569,155,The Dark Knight,2008-07-16,Seasonal,5
Summer Blockbusters,List Order,tt0325980,22,Pirates of the Caribbean: The Curse of the Black Pearl,2003-07-09,Seasonal,6
Summer Blockbusters,List Order,tt0092099,744,Top Gun,1986-05-16,Seasonal,7
Summer Blockbusters,List Order,tt0145487,557,Spider-Man,2002-05-01,Seasonal,8
Summer Blockbusters,List Order,tt0499549,19995,Avatar,2009-12-15,Seasonal,9
Summer Blockbusters,List Order,tt2015381,118340,Guardians of the Galaxy,2014-07-30,Seasonal,10
Summer Blockbusters,List Order,tt0418279,1858,Transformers,2007-06-27,Seasonal,11
Summer Blockbusters,List Order,tt0119654,607,Men in Black,1997-07-02,Seasonal,12
Summer Blockbusters,List Order,tt0848228,24428,The Avengers,2012-04-25,Seasonal,13
Summer Blockbusters,List Order,tt1375666,27205,Inception,2010-07-15,Seasonal,14
Summer Blockbusters,List Order,tt1392190,76341,Mad Max: Fury Road,2015-05-13,Seasonal,15
Summer Blockbusters,List Order,tt0241527,671,Harry Potter and the Philosopher's Stone,2001-11-16,Seasonal,16
Summer Blockbusters,List Order,tt0126029,808,Shrek,2001-05-18,Seasonal,17
Summer Blockbusters,List Order,tt0083866,601,E.T. the Extra-Terrestrial,1982-06-11,Seasonal,18
Summer Blockbusters,List Order,tt0110357,8587,The Lion King,1994-06-24,Seasonal,19
Summer Blockbusters,List Order,tt0088763,105,Back to the Future,1985-07-03,Seasonal,20
Summer Blockbusters,List Order,tt0317705,9806,The Incredibles,2004-10-27,Seasonal,21
Summer Blockbusters,List Order,tt0119094,754,Face/Off,1997-06-27,Seasonal,22
Summer Blockbusters,List Order,tt0111257,1637,Speed,1994-06-09,Seasonal,23
Summer Blockbusters,List Order,tt0181689,180,Minority Report,2002-06-20,Seasonal,24
Summer Blockbusters,List Order,tt0086567,860,WarGames,1983-06-03,Seasonal,25
Summer Blockbusters,List Order,tt1229238,56292,Mission: Impossible - Ghost Protocol,2011-12-07,Seasonal,26
Frosty Nights,List Order,tt2294629,109445,Frozen,2013-11-20,Seasonal,1
Frosty Nights,List Order,tt0268380,425,Ice Age,2002-03-10,Seasonal,2
Frosty Nights,List Order,tt0366548,9836,Happy Feet,2006-11-16,Seasonal,3
Frosty Nights,List Order,tt0338348,5255,The Polar Express,2004-11-10,Seasonal,4
Frosty Nights,List Order,tt0112453,21032,Balto,1995-12-22,Seasonal,5
Frosty Nights,List Order,tt0106611,864,Cool Runnings,1993-10-01,Seasonal,6
Frosty Nights,List Order,tt0363771,411,The Chronicles of Narnia: The Lion the Witch and the Wardrobe,2005-12-07,Seasonal,7
Frosty Nights,List Order,tt0428803,1667,March of the Penguins,2005-01-26,Seasonal,8
Frosty Nights,List Order,tt0047673,13368,White Christmas,1954-10-14,Seasonal,9
Frosty Nights,List Order,tt0397313,9036,Eight Below,2006-02-17,Seasonal,10
Frosty Nights,List Order,tt0359950,116745,The Secret Life of Walter Mitty,2013-12-18,Seasonal,11
Frosty Nights,List Order,tt2719848,253412,Everest,2015-09-10,Seasonal,12
Frosty Nights,List Order,tt0319262,435,The Day After Tomorrow,2004-05-26,Seasonal,13
Frosty Nights,List Order,tt1706620,110415,Snowpiercer,2013-08-01,Seasonal,14
Frosty Nights,List Order,tt0116282,275,Fargo,1996-03-08,Seasonal,15
Frosty Nights,List Order,tt1601913,75174,The Grey,2012-01-26,Seasonal,16
Frosty Nights,List Order,tt3460252,273248,The Hateful Eight,2015-12-25,Seasonal,17
Frosty Nights,List Order,tt0059113,907,Doctor Zhivago,1965-12-22,Seasonal,18
Frosty Nights,List Order,tt1663202,281957,The Revenant,2015-12-25,Seasonal,19
Frosty Nights,List Order,tt0084787,1091,The Thing,1982-06-25,Seasonal,20
Springtime,List Order,tt0247638,9880,The Princess Diaries,2001-08-03,Seasonal,1
Springtime,List Order,tt0398286,38757,Tangled,2010-11-24,Seasonal,2
Springtime,List Order,tt1067774,59860,Monte Carlo,2011-07-01,Seasonal,3
Springtime,List Order,tt0337563,10096,13 Going on 30,2004-04-13,Seasonal,4
Springtime,List Order,tt0974661,16996,17 Again,2009-03-11,Seasonal,5
Springtime,List Order,tt0795421,11631,Mamma Mia!,2008-07-03,Seasonal,6
Springtime,List Order,tt3846674,466282,To All the Boys I've Loved Before,2018-08-16,Seasonal,7
Springtime,List Order,tt0458352,350,The Devil Wears Prada,2006-06-29,Seasonal,8
Springtime,List Order,tt0328589,10934,Under the Tuscan Sun,2003-09-20,Seasonal,9
Springtime,List Order,tt3783958,313369,La La Land,2016-11-29,Seasonal,10
Springtime,List Order,tt1135503,24803,Julie & Julia,2009-08-06,Seasonal,11
Springtime,List Order,tt0879870,38167,Eat Pray Love,2010-08-12,Seasonal,12
Springtime,List Order,tt0401445,9726,A Good Year,2006-09-09,Seasonal,13
Springtime,List Order,tt0319061,587,Big Fish,2003-12-25,Seasonal,14
Springtime,List Order,tt0414387,4348,Pride & Prejudice,2005-09-16,Seasonal,15
Springtime,List Order,tt0108071,11236,The Secret Garden,1993-08-13,Seasonal,16
Springtime,List Order,tt0211915,194,Amélie,2001-04-25,Seasonal,17
Springtime,List Order,tt1022603,19913,(500) Days of Summer,2009-07-17,Seasonal,18
Springtime,List Order,tt3281548,331482,Little Women,2019-12-25,Seasonal,19
Springtime,List Order,tt1659337,84892,The Perks of Being a Wallflower,2012-09-20,Seasonal,20
Springtime,List Order,tt0059742,15121,The Sound of Music,1965-03-29,Seasonal,21
Road Trips,List Order,tt0449059,773,Little Miss Sunshine,2006-07-26,Thematic,1
Road Trips,List Order,tt0095953,380,Rain Man,1988-12-12,Thematic,2
Road Trips,List Order,tt6966692,490132,Green Book,2018-11-16,Thematic,3
Road Trips,List Order,tt0375063,9675,Sideways,2004-10-22,Thematic,4
Road Trips,List Order,tt0838221,4538,The Darjeeling Limited,2007-09-07,Thematic,5
Road Trips,List Order,tt0089791,5683,Pee-wee's Big Adventure,1985-07-26,Thematic,6
Road Trips,List Order,tt0109686,8467,Dumb and Dumber,1994-12-16,Thematic,7
Road Trips,List Order,tt0085995,11153,National Lampoon's Vacation,1983-07-29,Thematic,8
Road Trips,List Order,tt0093748,2609,Planes Trains and Automobiles,1987-11-26,Thematic,9
Road Trips,List Order,tt0215129,9285,Road Trip,2000-05-19,Thematic,10
Road Trips,List Order,tt0181875,786,Almost Famous,2000-09-15,Thematic,11
Road Trips,List Order,tt2305051,228970,Wild,2014-12-05,Thematic,12
Road Trips,List Order,tt0758758,5915,Into the Wild,2007-09-21,Thematic,13
Road Trips,List Order,tt4698684,371645,Hunt for the Wilderpeople,2016-03-31,Thematic,14
Road Trips,List Order,tt0318462,1653,The Motorcycle Diaries,2004-02-06,Thematic,15
Road Trips,List Order,tt0371724,7453,The Hitchhiker's Guide to the Galaxy,2005-04-28,Thematic,16
Road Trips,List Order,tt0275022,17130,Crossroads,2002-02-15,Thematic,17
Road Trips,List Order,tt0103074,1541,Thelma & Louise,1991-05-24,Thematic,18
Road Trips,List Order,tt0064276,624,Easy Rider,1969-06-26,Thematic,19
Road Trips,List Order,tt1156398,19908,Zombieland,2009-10-02,Thematic,20
Road Trips,List Order,tt1392190,76341,Mad Max: Fury Road,2015-05-13,Thematic,21
Road Trips,List Order,tt0069704,838,American Graffiti,1973-08-11,Thematic,22
Coming of Age,List Order,tt1878870,376660,The Edge of Seventeen,2016-11-18,Thematic,1
Coming of Age,List Order,tt2179116,156700,The Kings of Summer,2013-01-19,Thematic,2
Coming of Age,List Order,tt3544112,369557,Sing Street,2016-03-11,Thematic,3
Coming of Age,List Order,tt1714206,157386,The Spectacular Now,2013-08-02,Thematic,4
Coming of Age,List Order,tt5164432,449176,Love Simon,2018-02-16,Thematic,5
Coming of Age,List Order,tt0091042,9377,Ferris Bueller's Day Off,1986-06-11,Thematic,6
Coming of Age,List Order,tt0112697,9603,Clueless,1995-07-19,Thematic,7
Coming of Age,List Order,tt0147800,4951,10 Things I Hate About You,1999-03-30,Thematic,8
Coming of Age,List Order,tt0829482,8363,Superbad,2007-03-20,Thematic,9
Coming of Age,List Order,tt0088847,2108,The Breakfast Club,1985-02-15,Thematic,10
Coming of Age,List Order,tt1727388,147773,The Way Way Back,2013-06-06,Thematic,11
Coming of Age,List Order,tt0403508,9779,The Sisterhood of the Traveling Pants,2005-06-01,Thematic,12
Coming of Age,List Order,tt0437800,13751,Akeelah and the Bee,2006-04-28,Thematic,13
Coming of Age,List Order,tt4925292,391713,Lady Bird,2017-09-01,Thematic,14
Coming of Age,List Order,tt1065073,85350,Boyhood,2014-06-05,Thematic,15
Coming of Age,List Order,tt7014006,489925,Eighth Grade,2018-01-19,Thematic,16
Coming of Age,List Order,tt1659337,84892,The Perks of Being a Wallflower,2012-09-20,Thematic,17
Coming of Age,List Order,tt5726616,398818,Call Me by Your Name,2017-07-28,Thematic,18
Coming of Age,List Order,tt2582846,222935,The Fault in Our Stars,2014-05-16,Thematic,19
Coming of Age,List Order,tt0092005,235,Stand by Me,1986-08-08,Thematic,20
Coming of Age,List Order,tt0097165,207,Dead Poets Society,1989-06-02,Thematic,21
Coming of Age,List Order,tt4975722,376867,Moonlight,2016-10-21,Thematic,22
Coming of Age,List Order,tt0101985,15804,A Brighter Summer Day,1991-07-27,Thematic,23
Coming of Age,List Order,tt0377092,10625,Mean Girls,2004-04-30,Thematic,24
Coming of Age,List Order,tt0467406,7326,Juno,2007-12-05,Thematic,25
Coming of Age,List Order,tt0132477,13466,October Sky,1999-02-19,Thematic,26
Coming of Age,List Order,tt0102492,4032,My Girl,1991-11-27,Thematic,27
Coming of Age,List Order,tt0106677,9571,Dazed and Confused,1993-09-24,Thematic,28
Coming of Age,List Order,tt0159097,1443,The Virgin Suicides,2000-04-21,Thematic,29
Coming of Age,List Order,tt11762114,673593,Mean Girls,2024-01-10,Thematic,30
Historical Epics,List Order,tt0054331,967,Spartacus,1960-10-13,Thematic,1
Historical Epics,List Order,tt0052618,665,Ben-Hur,1959-11-18,Thematic,2
Historical Epics,List Order,tt0049833,6844,The Ten Commandments,1956-10-05,Thematic,3
Historical Epics,List Order,tt0335345,615,The Passion of the Christ,2004-02-25,Thematic,4
Historical Epics,List Order,tt0058085,17277,The Fall of the Roman Empire,1964-03-24,Thematic,5
Historical Epics,List Order,tt0172495,98,Gladiator,2000-05-04,Thematic,6
Historical Epics,List Order,tt0053804,1941,Exodus,1960-12-15,Thematic,7
Historical Epics,List Order,tt0472043,1579,Apocalypto,2006-12-07,Thematic,8
Historical Epics,List Order,tt0416449,1271,300,2007-03-07,Thematic,9
Historical Epics,List Order,tt0054847,16638,El Cid,1961-10-24,Thematic,10
Historical Epics,List Order,tt0060665,874,A Man for All Seasons,1966-12-13,Thematic,11
Historical Epics,List Order,tt0112573,197,Braveheart,1995-05-24,Thematic,12
Historical Epics,List Order,tt0320661,1495,Kingdom of Heaven,2005-05-03,Thematic,13
Historical Epics,List Order,tt0072684,3175,Barry Lyndon,1975-12-18,Thematic,14
Historical Epics,List Order,tt0104691,9361,The Last of the Mohicans,1992-08-26,Thematic,15
Historical Epics,List Order,tt0093389,746,The Last Emperor,1987-10-04,Thematic,16
Historical Epics,List Order,tt0056172,947,Lawrence of Arabia,1962-12-11,Thematic,17
Historical Epics,List Order,tt0031381,770,Gone with the Wind,1939-12-15,Thematic,18
Historical Epics,List Order,tt0099348,581,Dances with Wolves,1990-03-30,Thematic,19
Historical Epics,List Order,tt0086879,279,Amadeus,1984-09-19,Thematic,20
Historical Epics,List Order,tt0059113,907,Doctor Zhivago,1965-12-22,Thematic,21
Historical Epics,List Order,tt0050212,826,The Bridge on the River Kwai,1957-10-11,Thematic,22
Historical Epics,List Order,tt0108052,424,Schindler's List,1993-12-15,Thematic,23
Historical Epics,List Order,tt0120338,597,Titanic,1997-11-18,Thematic,24
Historical Epics,List Order,tt0063442,871,Planet of the Apes,1968-02-07,Thematic,25
Sports,List Order,tt0097351,2323,Field of Dreams,1989-04-21,Thematic,1
Sports,List Order,tt0104694,11287,A League of Their Own,1992-07-01,Thematic,2
Sports,List Order,tt0108002,14534,Rudy,1993-09-17,Thematic,3
Sports,List Order,tt0286499,455,Bend It Like Beckham,2002-04-11,Thematic,4
Sports,List Order,tt0210945,10637,Remember the Titans,2000-09-29,Thematic,5
Sports,List Order,tt0106611,864,Cool Runnings,1993-10-01,Thematic,6
Sports,List Order,tt0453562,109410,42,2013-04-12,Thematic,7
Sports,List Order,tt0878804,22881,The Blind Side,2009-11-20,Thematic,8
Sports,List Order,tt0349825,14292,Miracle,2004-02-06,Thematic,9
Sports,List Order,tt0329575,4464,Seabiscuit,2003-07-22,Thematic,10
Sports,List Order,tt1210166,60308,Moneyball,2011-09-23,Thematic,11
Sports,List Order,tt0248667,8489,Ali,2001-12-10,Thematic,12
Sports,List Order,tt0075148,1366,Rocky,1976-11-20,Thematic,13
Sports,List Order,tt3076658,312221,Creed,2015-11-25,Thematic,14
Sports,List Order,tt0964517,45317,The Fighter,2010-12-10,Thematic,15
Sports,List Order,tt0405159,70,Million Dollar Baby,2004-12-15,Thematic,16
Sports,List Order,tt5580036,389015,I Tonya,2017-12-08,Thematic,17
Sports,List Order,tt1291584,59440,Warrior,2011-09-09,Thematic,18
Sports,List Order,tt0393162,7214,Coach Carter,2005-01-14,Thematic,19
Sports,List Order,tt0091217,5693,Hoosiers,1986-11-14,Thematic,20
Sports,List Order,tt0082158,9443,Chariots of Fire,1981-05-15,Thematic,21
Sports,List Order,tt0390022,13416,Friday Night Lights,2004-10-08,Thematic,22
Sports,List Order,tt1125849,12163,The Wrestler,2008-09-07,Thematic,23
Sports,List Order,tt1057500,22954,Invictus,2009-12-11,Thematic,24
Intense Thrillers,List Order,tt0047396,567,Rear Window,1954-08-01,Thematic,1
Intense Thrillers,List Order,tt0052357,426,Vertigo,1958-05-28,Thematic,2
Intense Thrillers,List Order,tt0101540,1598,Cape Fear,1991-11-13,Thematic,3
Intense Thrillers,List Order,tt0119488,2118,L.A. Confidential,1997-09-19,Thematic,4
Intense Thrillers,List Order,tt0167404,745,The Sixth Sense,1999-08-06,Thematic,5
Intense Thrillers,List Order,tt0268978,453,A Beautiful Mind,2001-12-14,Thematic,6
Intense Thrillers,List Order,tt0327056,322,Mystic River,2003-10-07,Thematic,7
Intense Thrillers,List Order,tt0114814,629,The Usual Suspects,1995-07-19,Thematic,8
Intense Thrillers,List Order,tt0209144,77,Memento,2000-10-11,Thematic,9
Intense Thrillers,List Order,tt2267998,210577,Gone Girl,2014-10-01,Thematic,10
Intense Thrillers,List Order,tt0947798,44214,Black Swan,2010-12-03,Thematic,11
Intense Thrillers,List Order,tt0137523,550,Fight Club,1999-10-15,Thematic,12
Intense Thrillers,List Order,tt1132620,15472,The Girl with the Dragon Tattoo,2009-02-27,Thematic,13
Intense Thrillers,List Order,tt1568346,65754,The Girl with the Dragon Tattoo,2011-12-14,Thematic,14
Intense Thrillers,List Order,tt1130884,11324,Shutter Island,2010-02-14,Thematic,15
Intense Thrillers,List Order,tt1392214,146233,Prisoners,2013-09-19,Thematic,16
Intense Thrillers,List Order,tt0407887,1422,The Departed,2006-10-04,Thematic,17
Intense Thrillers,List Order,tt0443706,1949,Zodiac,2007-03-02,Thematic,18
Intense Thrillers,List Order,tt2872718,242582,Nightcrawler,2014-10-23,Thematic,19
Intense Thrillers,List Order,tt0114369,807,Se7en,1995-09-22,Thematic,20
Intense Thrillers,List Order,tt0102926,274,The Silence of the Lambs,1991-02-14,Thematic,21
Intense Thrillers,List Order,tt0477348,6977,No Country for Old Men,2007-06-13,Thematic,22
Intense Thrillers,List Order,tt0780504,64690,Drive,2011-09-15,Thematic,23
Intense Thrillers,List Order,tt0401792,187,Sin City,2005-04-01,Thematic,24
Intense Thrillers,List Order,tt0364569,670,Oldboy,2003-11-21,Thematic,25
Intense Thrillers,List Order,tt3397884,273481,Sicario,2015-09-17,Thematic,26
Intense Thrillers,List Order,tt0113277,949,Heat,1995-12-15,Thematic,27
Intense Thrillers,List Order,tt1375666,27205,Inception,2010-07-15,Thematic,28
Intense Thrillers,List Order,tt2316411,181886,Enemy,2014-03-14,Thematic,29
Intense Thrillers,List Order,tt0083658,78,Blade Runner,1982-06-25,Thematic,30
Intense Thrillers,List Order,tt1856101,335984,Blade Runner 2049,2017-10-04,Thematic,31
Intense Thrillers,List Order,tt0180093,641,Requiem for a Dream,2000-10-06,Thematic,32
Intense Thrillers,List Order,tt0361862,4553,The Machinist,2004-07-02,Thematic,33
Romantic Dramas,List Order,tt0338013,38,Eternal Sunshine of the Spotless Mind,2004-03-19,Thematic,1
Romantic Dramas,List Order,tt1798709,152601,Her,2013-12-18,Thematic,2
Romantic Dramas,List Order,tt0335266,153,Lost in Translation,2003-09-18,Thematic,3
Romantic Dramas,List Order,tt0414387,4348,Pride & Prejudice,2005-09-16,Thematic,4
Romantic Dramas,List Order,tt0112471,76,Before Sunrise,1995-01-27,Thematic,5
Romantic Dramas,List Order,tt3783958,313369,La La Land,2016-11-29,Thematic,6
Romantic Dramas,List Order,tt0125439,509,Notting Hill,1999-05-21,Thematic,7
Romantic Dramas,List Order,tt0075686,703,Annie Hall,1977-04-19,Thematic,8
Romantic Dramas,List Order,tt0117509,454,Romeo + Juliet,1996-11-01,Thematic,9
Romantic Dramas,List Order,tt0203009,824,Moulin Rouge!,2001-05-24,Thematic,10
Romantic Dramas,List Order,tt1343092,64682,The Great Gatsby,2013-05-09,Thematic,11
Romantic Dramas,List Order,tt1022603,19913,(500) Days of Summer,2009-07-17,Thematic,12
Romantic Dramas,List Order,tt2582846,222935,The Fault in Our Stars,2014-05-16,Thematic,13
Romantic Dramas,List Order,tt0281358,10229,A Walk to Remember,2002-01-25,Thematic,14
Romantic Dramas,List Order,tt0114388,4584,Sense and Sensibility,1995-12-13,Thematic,15
Romantic Dramas,List Order,tt0211915,194,Amélie,2001-04-25,Thematic,16
Romantic Dramas,List Order,tt0332280,11036,The Notebook,2004-06-25,Thematic,17
Romantic Dramas,List Order,tt5726616,398818,Call Me by Your Name,2017-07-28,Thematic,18
Romantic Dramas,List Order,tt2402927,258480,Carol,2015-11-20,Thematic,19
Romantic Dramas,List Order,tt16426418,937287,Challengers,2024-04-18,Thematic,20
Romantic Dramas,List Order,tt1120985,46705,Blue Valentine,2010-12-26,Thematic,21
Romantic Dramas,List Order,tt0120338,597,Titanic,1997-11-18,Thematic,22
Romantic Dramas,List Order,tt0388795,142,Brokeback Mountain,2005-10-22,Thematic,23
Romantic Dramas,List Order,tt2474024,206296,The Last Five Years,2014-11-03,Thematic,24
Romantic Dramas,List Order,tt0783233,4347,Atonement,2007-02-27,Thematic,25
Romantic Dramas,List Order,tt0421715,4922,The Curious Case of Benjamin Button,2008-12-25,Thematic,26
Romantic Dramas,List Order,tt0116209,409,The English Patient,1996-11-14,Thematic,27
Romantic Dramas,List Order,tt0089755,606,Out of Africa,1985-12-20,Thematic,28
Romantic Dramas,List Order,tt0112579,688,The Bridges of Madison County,1995-06-02,Thematic,29
Academy Award for Best Picture,Release Date (Descending),tt15398776,872585,Oppenheimer,2023-07-19,Academy Awards,97
Academy Award for Best Picture,Release Date (Descending),tt6710474,545611,Everything Everywhere All at Once,2022-03-24,Academy Awards,96
Academy Award for Best Picture,Release Date (Descending),tt10366460,776503,CODA,2021-08-13,Academy Awards,95
Academy Award for Best Picture,Release Date (Descending),tt9770150,581734,Nomadland,2021-01-29,Academy Awards,94
Academy Award for Best Picture,Release Date (Descending),tt6751668,496243,Parasite,2019-05-30,Academy Awards,93
Academy Award for Best Picture,Release Date (Descending),tt6966692,490132,Green Book,2018-11-16,Academy Awards,92
Academy Award for Best Picture,Release Date (Descending),tt5580390,399055,The Shape of Water,2017-12-01,Academy Awards,91
Academy Award for Best Picture,Release Date (Descending),tt4975722,376867,Moonlight,2016-10-21,Academy Awards,90
Academy Award for Best Picture,Release Date (Descending),tt1895587,314365,Spotlight,2015-11-06,Academy Awards,89
Academy Award for Best Picture,Release Date (Descending),tt2562232,194662,Birdman or (The Unexpected Virtue of Ignorance),2014-10-17,Academy Awards,88
Academy Award for Best Picture,Release Date (Descending),tt2024544,76203,12 Years a Slave,2013-10-18,Academy Awards,87
Academy Award for Best Picture,Release Date (Descending),tt1024648,68734,Argo,2012-10-11,Academy Awards,86
Academy Award for Best Picture,Release Date (Descending),tt1655442,74643,The Artist,2011-10-12,Academy Awards,85
Academy Award for Best Picture,Release Date (Descending),tt1504320,45269,The King's Speech,2010-11-26,Academy Awards,84
Academy Award for Best Picture,Release Date (Descending),tt0887912,12162,The Hurt Locker,2008-10-10,Academy Awards,83
Academy Award for Best Picture,Release Date (Descending),tt1010048,12405,Slumdog Millionaire,2008-11-12,Academy Awards,82
Academy Award for Best Picture,Release Date (Descending),tt0477348,6977,No Country for Old Men,2007-06-13,Academy Awards,81
Academy Award for Best Picture,Release Date (Descending),tt0407887,1422,The Departed,2006-10-04,Academy Awards,80
Academy Award for Best Picture,Release Date (Descending),tt0375679,1640,Crash,2005-05-06,Academy Awards,79
Academy Award for Best Picture,Release Date (Descending),tt0405159,70,Million Dollar Baby,2004-12-15,Academy Awards,78
Academy Award for Best Picture,Release Date (Descending),tt0167260,122,The Lord of the Rings: The Return of the King,2003-12-01,Academy Awards,77
Academy Award for Best Picture,Release Date (Descending),tt0299658,1574,Chicago,2002-12-10,Academy Awards,76
Academy Award for Best Picture,Release Date (Descending),tt0268978,453,A Beautiful Mind,2001-12-14,Academy Awards,75
Academy Award for Best Picture,Release Date (Descending),tt0172495,98,Gladiator,2000-05-04,Academy Awards,74
Academy Award for Best Picture,Release Date (Descending),tt0169547,14,American Beauty,1999-09-15,Academy Awards,73
Academy Award for Best Picture,Release Date (Descending),tt0138097,1934,Shakespeare in Love,1998-12-11,Academy Awards,72
Academy Award for Best Picture,Release Date (Descending),tt0120338,597,Titanic,1997-11-18,Academy Awards,71
Academy Award for Best Picture,Release Date (Descending),tt0116209,409,The English Patient,1996-11-14,Academy Awards,70
Academy Award for Best Picture,Release Date (Descending),tt0112573,197,Braveheart,1995-05-24,Academy Awards,69
Academy Award for Best Picture,Release Date (Descending),tt0109830,13,Forrest Gump,1994-06-23,Academy Awards,68
Academy Award for Best Picture,Release Date (Descending),tt0108052,424,Schindler's List,1993-12-15,Academy Awards,67
Academy Award for Best Picture,Release Date (Descending),tt0105695,33,Unforgiven,1992-08-07,Academy Awards,66
Academy Award for Best Picture,Release Date (Descending),tt0102926,274,The Silence of the Lambs,1991-02-14,Academy Awards,65
Academy Award for Best Picture,Release Date (Descending),tt0099348,581,Dances with Wolves,1990-03-30,Academy Awards,64
Academy Award for Best Picture,Release Date (Descending),tt0097239,403,Driving Miss Daisy,1989-12-13,Academy Awards,63
Academy Award for Best Picture,Release Date (Descending),tt0095953,380,Rain Man,1988-12-12,Academy Awards,62
Academy Award for Best Picture,Release Date (Descending),tt0093389,746,The Last Emperor,1987-10-04,Academy Awards,61
Academy Award for Best Picture,Release Date (Descending),tt0091763,792,Platoon,1986-12-19,Academy Awards,60
Academy Award for Best Picture,Release Date (Descending),tt0089755,606,Out of Africa,1985-12-20,Academy Awards,59
Academy Award for Best Picture,Release Date (Descending),tt0086879,279,Amadeus,1984-09-19,Academy Awards,58
Academy Award for Best Picture,Release Date (Descending),tt0086425,11050,Terms of Endearment,1983-11-20,Academy Awards,57
Academy Award for Best Picture,Release Date (Descending),tt0083987,783,Gandhi,1982-12-01,Academy Awards,56
Academy Award for Best Picture,Release Date (Descending),tt0082158,9443,Chariots of Fire,1981-05-15,Academy Awards,55
Academy Award for Best Picture,Release Date (Descending),tt0081283,16619,Ordinary People,1980-09-19,Academy Awards,54
Academy Award for Best Picture,Release Date (Descending),tt0079417,12102,Kramer vs. Kramer,1979-12-07,Academy Awards,53
Academy Award for Best Picture,Release Date (Descending),tt0077416,11778,The Deer Hunter,1978-12-08,Academy Awards,52
Academy Award for Best Picture,Release Date (Descending),tt0075686,703,Annie Hall,1977-04-19,Academy Awards,51
Academy Award for Best Picture,Release Date (Descending),tt0075148,1366,Rocky,1976-11-20,Academy Awards,50
Academy Award for Best Picture,Release Date (Descending),tt0073486,510,One Flew Over the Cuckoo's Nest,1975-11-19,Academy Awards,49
Academy Award for Best Picture,Release Date (Descending),tt0071562,240,The Godfather Part II,1974-12-20,Academy Awards,48
Academy Award for Best Picture,Release Date (Descending),tt0070735,9277,The Sting,1973-12-25,Academy Awards,47
Academy Award for Best Picture,Release Date (Descending),tt0068646,238,The Godfather,1972-03-14,Academy Awards,46
Academy Award for Best Picture,Release Date (Descending),tt0067116,1051,The French Connection,1971-10-09,Academy Awards,45
Academy Award for Best Picture,Release Date (Descending),tt0066206,11202,Patton,1970-01-25,Academy Awards,44
Academy Award for Best Picture,Release Date (Descending),tt0064665,3116,Midnight Cowboy,1969-05-25,Academy Awards,43
Academy Award for Best Picture,Release Date (Descending),tt0063385,17917,Oliver!,1968-09-26,Academy Awards,42
Academy Award for Best Picture,Release Date (Descending),tt0061811,10633,In the Heat of the Night,1967-08-02,Academy Awards,41
Academy Award for Best Picture,Release Date (Descending),tt0060665,874,A Man for All Seasons,1966-12-13,Academy Awards,40
Academy Award for Best Picture,Release Date (Descending),tt0059742,15121,The Sound of Music,1965-03-29,Academy Awards,39
Academy Award for Best Picture,Release Date (Descending),tt0058385,11113,My Fair Lady,1964-10-21,Academy Awards,38
Academy Award for Best Picture,Release Date (Descending),tt0057590,5769,Tom Jones,1963-08-24,Academy Awards,37
Academy Award for Best Picture,Release Date (Descending),tt0056172,947,Lawrence of Arabia,1962-12-11,Academy Awards,36
Academy Award for Best Picture,Release Date (Descending),tt0055614,1725,West Side Story,1961-12-13,Academy Awards,35
Academy Award for Best Picture,Release Date (Descending),tt0053604,284,The Apartment,1960-06-21,Academy Awards,34
Academy Award for Best Picture,Release Date (Descending),tt0052618,665,Ben-Hur,1959-11-18,Academy Awards,33
Academy Award for Best Picture,Release Date (Descending),tt0051658,17281,Gigi,1958-05-15,Academy Awards,32
Academy Award for Best Picture,Release Date (Descending),tt0050212,826,The Bridge on the River Kwai,1957-10-11,Academy Awards,31
Academy Award for Best Picture,Release Date (Descending),tt0048960,2897,Around the World in Eighty Days,1956-10-17,Academy Awards,30
Academy Award for Best Picture,Release Date (Descending),tt0048356,15919,Marty,1955-04-11,Academy Awards,29
Academy Award for Best Picture,Release Date (Descending),tt0047296,654,On the Waterfront,1954-06-22,Academy Awards,28
Academy Award for Best Picture,Release Date (Descending),tt0045793,11426,From Here to Eternity,1953-08-28,Academy Awards,27
Academy Award for Best Picture,Release Date (Descending),tt0044672,27191,The Greatest Show on Earth,1952-02-16,Academy Awards,26
Academy Award for Best Picture,Release Date (Descending),tt0043278,2769,An American in Paris,1951-09-26,Academy Awards,25
Academy Award for Best Picture,Release Date (Descending),tt0042192,705,All About Eve,1950-11-09,Academy Awards,24
Academy Award for Best Picture,Release Date (Descending),tt0041113,25430,All the King's Men,1949-11-16,Academy Awards,23
Academy Award for Best Picture,Release Date (Descending),tt0040416,23383,Hamlet,1948-12-10,Academy Awards,22
Academy Award for Best Picture,Release Date (Descending),tt0039416,33667,Gentleman's Agreement,1947-11-11,Academy Awards,21
Academy Award for Best Picture,Release Date (Descending),tt0036868,887,The Best Years of Our Lives,1946-12-25,Academy Awards,20
Academy Award for Best Picture,Release Date (Descending),tt0037884,28580,The Lost Weekend,1945-11-29,Academy Awards,19
Academy Award for Best Picture,Release Date (Descending),tt0036872,17661,Going My Way,1944-05-15,Academy Awards,18
Academy Award for Best Picture,Release Date (Descending),tt0034583,289,Casablanca,1943-01-15,Academy Awards,17
Academy Award for Best Picture,Release Date (Descending),tt0035093,27367,Mrs. Miniver,1942-07-03,Academy Awards,16
Academy Award for Best Picture,Release Date (Descending),tt0033729,43266,How Green Was My Valley,1941-10-28,Academy Awards,15
Academy Award for Best Picture,Release Date (Descending),tt0032976,223,Rebecca,1940-03-23,Academy Awards,14
Academy Award for Best Picture,Release Date (Descending),tt0031381,770,Gone with the Wind,1939-12-15,Academy Awards,13
Academy Award for Best Picture,Release Date (Descending),tt0030993,34106,You Can't Take It with You,1938-09-01,Academy Awards,12
Academy Award for Best Picture,Release Date (Descending),tt0029146,43278,The Life of Emile Zola,1937-09-09,Academy Awards,11
Academy Award for Best Picture,Release Date (Descending),tt0027698,43277,The Great Ziegfeld,1936-04-08,Academy Awards,10
Academy Award for Best Picture,Release Date (Descending),tt0026752,12311,Mutiny on the Bounty,1935-11-22,Academy Awards,9
Academy Award for Best Picture,Release Date (Descending),tt0025316,3078,It Happened One Night,1934-02-22,Academy Awards,8
Academy Award for Best Picture,Release Date (Descending),tt0023876,56164,Cavalcade,1933-02-08,Academy Awards,7
Academy Award for Best Picture,Release Date (Descending),tt0022958,33680,Grand Hotel,1932-05-25,Academy Awards,6
Academy Award for Best Picture,Release Date (Descending),tt0021746,42861,Cimarron,1931-01-26,Academy Awards,5
Academy Award for Best Picture,Release Date (Descending),tt0020629,143,All Quiet on the Western Front,1930-04-29,Academy Awards,4
Academy Award for Best Picture,Release Date (Descending),tt0019729,65203,The Broadway Melody,1929-02-08,Academy Awards,3
Academy Award for Best Picture,Release Date (Descending),tt0018578,28966,Wings,1927-08-12,Academy Awards,2
Academy Award for Best Picture,Release Date (Descending),tt0018455,631,Sunrise: A Song of Two Humans,1927-11-04,Academy Awards,1
Academy Award for Best Cinematography,Release Date (Descending),tt15398776,872585,Oppenheimer,2023-07-19,Academy Awards,123
Academy Award for Best Cinematography,Release Date (Descending),tt1016150,49046,All Quiet on the Western Front,2022-10-07,Academy Awards,122
Academy Award for Best Cinematography,Release Date (Descending),tt1160419,438631,Dune,2021-09-15,Academy Awards,121
Academy Award for Best Cinematography,Release Date (Descending),tt10618286,614560,Mank,2020-11-13,Academy Awards,120
Academy Award for Best Cinematography,Release Date (Descending),tt8579674,530915,1917,2019-12-25,Academy Awards,119
Academy Award for Best Cinematography,Release Date (Descending),tt6155172,426426,Roma,2018-11-21,Academy Awards,118
Academy Award for Best Cinematography,Release Date (Descending),tt1856101,335984,Blade Runner 2049,2017-10-04,Academy Awards,117
Academy Award for Best Cinematography,Release Date (Descending),tt3783958,313369,La La Land,2016-11-29,Academy Awards,116
Academy Award for Best Cinematography,Release Date (Descending),tt1663202,281957,The Revenant,2015-12-25,Academy Awards,115
Academy Award for Best Cinematography,Release Date (Descending),tt2562232,194662,Birdman or (The Unexpected Virtue of Ignorance),2014-10-17,Academy Awards,114
Academy Award for Best Cinematography,Release Date (Descending),tt1454468,49047,Gravity,2013-10-03,Academy Awards,113
Academy Award for Best Cinematography,Release Date (Descending),tt0454876,87827,Life of Pi,2012-11-20,Academy Awards,112
Academy Award for Best Cinematography,Release Date (Descending),tt0970179,44826,Hugo,2011-11-22,Academy Awards,111
Academy Award for Best Cinematography,Release Date (Descending),tt1375666,27205,Inception,2010-07-15,Academy Awards,110
Academy Award for Best Cinematography,Release Date (Descending),tt0499549,19995,Avatar,2009-12-15,Academy Awards,109
Academy Award for Best Cinematography,Release Date (Descending),tt1010048,12405,Slumdog Millionaire,2008-11-12,Academy Awards,108
Academy Award for Best Cinematography,Release Date (Descending),tt0469494,7345,There Will Be Blood,2007-12-26,Academy Awards,107
Academy Award for Best Cinematography,Release Date (Descending),tt0457430,1417,Pan's Labyrinth,2006-10-10,Academy Awards,106
Academy Award for Best Cinematography,Release Date (Descending),tt0397535,1904,Memoirs of a Geisha,2005-12-06,Academy Awards,105
Academy Award for Best Cinematography,Release Date (Descending),tt0338751,2567,The Aviator,2004-12-17,Academy Awards,104
Academy Award for Best Cinematography,Release Date (Descending),tt0311113,8619,Master and Commander: The Far Side of the World,2003-11-14,Academy Awards,103
Academy Award for Best Cinematography,Release Date (Descending),tt0257044,4147,Road to Perdition,2002-07-12,Academy Awards,102
Academy Award for Best Cinematography,Release Date (Descending),tt0120737,120,The Lord of the Rings: The Fellowship of the Ring,2001-12-18,Academy Awards,101
Academy Award for Best Cinematography,Release Date (Descending),tt0190332,146,Crouching Tiger, Hidden Dragon,Academy Awards,100
Academy Award for Best Cinematography,Release Date (Descending),tt0169547,14,American Beauty,1999-09-15,Academy Awards,99
Academy Award for Best Cinematography,Release Date (Descending),tt0120815,857,Saving Private Ryan,1998-07-24,Academy Awards,98
Academy Award for Best Cinematography,Release Date (Descending),tt0120338,597,Titanic,1997-11-18,Academy Awards,97
Academy Award for Best Cinematography,Release Date (Descending),tt0116209,409,The English Patient,1996-11-14,Academy Awards,96
Academy Award for Best Cinematography,Release Date (Descending),tt0112573,197,Braveheart,1995-05-24,Academy Awards,95
Academy Award for Best Cinematography,Release Date (Descending),tt0110322,4476,Legends of the Fall,1994-12-23,Academy Awards,94
Academy Award for Best Cinematography,Release Date (Descending),tt0108052,424,Schindler's List,1993-12-15,Academy Awards,93
Academy Award for Best Cinematography,Release Date (Descending),tt0105265,293,A River Runs Through It,1992-10-09,Academy Awards,92
Academy Award for Best Cinematography,Release Date (Descending),tt0102138,820,JFK,1991-12-20,Academy Awards,91
Academy Award for Best Cinematography,Release Date (Descending),tt0099348,581,Dances with Wolves,1990-03-30,Academy Awards,90
Academy Award for Best Cinematography,Release Date (Descending),tt0097441,9665,Glory,1989-12-15,Academy Awards,89
Academy Award for Best Cinematography,Release Date (Descending),tt0095647,1632,Mississippi Burning,1988-12-08,Academy Awards,88
Academy Award for Best Cinematography,Release Date (Descending),tt0093389,746,The Last Emperor,1987-10-04,Academy Awards,87
Academy Award for Best Cinematography,Release Date (Descending),tt0091530,11416,The Mission,1986-09-24,Academy Awards,86
Academy Award for Best Cinematography,Release Date (Descending),tt0089755,606,Out of Africa,1985-12-20,Academy Awards,85
Academy Award for Best Cinematography,Release Date (Descending),tt0087553,625,The Killing Fields,1984-11-23,Academy Awards,84
Academy Award for Best Cinematography,Release Date (Descending),tt0083922,5961,Fanny and Alexander,1982-12-17,Academy Awards,83
Academy Award for Best Cinematography,Release Date (Descending),tt0083987,783,Gandhi,1982-12-01,Academy Awards,82
Academy Award for Best Cinematography,Release Date (Descending),tt0082979,18254,Reds,1981-12-25,Academy Awards,81
Academy Award for Best Cinematography,Release Date (Descending),tt0080009,11121,Tess,1979-10-06,Academy Awards,80
Academy Award for Best Cinematography,Release Date (Descending),tt0078788,28,Apocalypse Now,1979-08-15,Academy Awards,79
Academy Award for Best Cinematography,Release Date (Descending),tt0077405,16642,Days of Heaven,1978-09-13,Academy Awards,78
Academy Award for Best Cinematography,Release Date (Descending),tt0075860,840,Close Encounters of the Third Kind,1977-12-14,Academy Awards,77
Academy Award for Best Cinematography,Release Date (Descending),tt0074235,42232,Bound for Glory,1976-12-05,Academy Awards,76
Academy Award for Best Cinematography,Release Date (Descending),tt0072684,3175,Barry Lyndon,1975-12-18,Academy Awards,75
Academy Award for Best Cinematography,Release Date (Descending),tt0072308,5919,The Towering Inferno,1974-12-14,Academy Awards,74
Academy Award for Best Cinematography,Release Date (Descending),tt0069467,10238,Cries and Whispers,1972-12-21,Academy Awards,73
Academy Award for Best Cinematography,Release Date (Descending),tt0068327,10784,Cabaret,1972-02-13,Academy Awards,72
Academy Award for Best Cinematography,Release Date (Descending),tt0067093,14811,Fiddler on the Roof,1971-11-03,Academy Awards,71
Academy Award for Best Cinematography,Release Date (Descending),tt0066319,38953,Ryan's Daughter,1970-03-19,Academy Awards,70
Academy Award for Best Cinematography,Release Date (Descending),tt0064115,642,Butch Cassidy and the Sundance Kid,1969-09-23,Academy Awards,69
Academy Award for Best Cinematography,Release Date (Descending),tt0063518,6003,Romeo and Juliet,1968-04-02,Academy Awards,68
Academy Award for Best Cinematography,Release Date (Descending),tt0061418,475,Bonnie and Clyde,1967-08-14,Academy Awards,67
Academy Award for Best Cinematography,Release Date (Descending),tt0061184,396,Who's Afraid of Virginia Woolf?,1966-06-22,Academy Awards,66
Academy Award for Best Cinematography,Release Date (Descending),tt0060665,874,A Man for All Seasons,1966-12-13,Academy Awards,65
Academy Award for Best Cinematography,Release Date (Descending),tt0059712,30080,Ship of Fools,1965-07-29,Academy Awards,64
Academy Award for Best Cinematography,Release Date (Descending),tt0059113,907,Doctor Zhivago,1965-12-22,Academy Awards,63
Academy Award for Best Cinematography,Release Date (Descending),tt0057831,10604,Zorba the Greek,1964-12-14,Academy Awards,62
Academy Award for Best Cinematography,Release Date (Descending),tt0058385,11113,My Fair Lady,1964-10-21,Academy Awards,61
Academy Award for Best Cinematography,Release Date (Descending),tt0057163,24748,Hud,1963-05-28,Academy Awards,60
Academy Award for Best Cinematography,Release Date (Descending),tt0056937,8095,Cleopatra,1963-06-12,Academy Awards,59
Academy Award for Best Cinematography,Release Date (Descending),tt0056197,9289,The Longest Day,1962-09-25,Academy Awards,58
Academy Award for Best Cinematography,Release Date (Descending),tt0056172,947,Lawrence of Arabia,1962-12-11,Academy Awards,57
Academy Award for Best Cinematography,Release Date (Descending),tt0054997,990,The Hustler,1961-09-25,Academy Awards,56
Academy Award for Best Cinematography,Release Date (Descending),tt0055614,1725,West Side Story,1961-12-13,Academy Awards,55
Academy Award for Best Cinematography,Release Date (Descending),tt0054326,53939,Sons and Lovers,1960-08-29,Academy Awards,54
Academy Award for Best Cinematography,Release Date (Descending),tt0054331,967,Spartacus,1960-10-13,Academy Awards,53
Academy Award for Best Cinematography,Release Date (Descending),tt0052738,2576,The Diary of Anne Frank,1959-03-18,Academy Awards,52
Academy Award for Best Cinematography,Release Date (Descending),tt0052618,665,Ben-Hur,1959-11-18,Academy Awards,51
Academy Award for Best Cinematography,Release Date (Descending),tt0051525,11414,The Defiant Ones,1958-08-14,Academy Awards,50
Academy Award for Best Cinematography,Release Date (Descending),tt0051658,17281,Gigi,1958-05-15,Academy Awards,49
Academy Award for Best Cinematography,Release Date (Descending),tt0050212,826,The Bridge on the River Kwai,1957-10-11,Academy Awards,48
Academy Award for Best Cinematography,Release Date (Descending),tt0049778,28000,Somebody Up There Likes Me,1956-07-04,Academy Awards,47
Academy Award for Best Cinematography,Release Date (Descending),tt0048960,2897,Around the World in Eighty Days,1956-10-17,Academy Awards,46
Academy Award for Best Cinematography,Release Date (Descending),tt0048563,65550,The Rose Tattoo,1955-12-12,Academy Awards,45
Academy Award for Best Cinematography,Release Date (Descending),tt0048728,381,To Catch a Thief,1955-08-03,Academy Awards,44
Academy Award for Best Cinematography,Release Date (Descending),tt0047296,654,On the Waterfront,1954-06-22,Academy Awards,43
Academy Award for Best Cinematography,Release Date (Descending),tt0047580,41503,Three Coins in the Fountain,1954-05-01,Academy Awards,42
Academy Award for Best Cinematography,Release Date (Descending),tt0045793,11426,From Here to Eternity,1953-08-28,Academy Awards,41
Academy Award for Best Cinematography,Release Date (Descending),tt0046303,3110,Shane,1953-04-23,Academy Awards,40
Academy Award for Best Cinematography,Release Date (Descending),tt0044391,32499,The Bad and the Beautiful,1952-12-25,Academy Awards,39
Academy Award for Best Cinematography,Release Date (Descending),tt0045061,3109,The Quiet Man,1952-07-21,Academy Awards,38
Academy Award for Best Cinematography,Release Date (Descending),tt0043924,25673,A Place in the Sun,1951-06-12,Academy Awards,37
Academy Award for Best Cinematography,Release Date (Descending),tt0043278,2769,An American in Paris,1951-09-26,Academy Awards,36
Academy Award for Best Cinematography,Release Date (Descending),tt0041959,1092,The Third Man,1949-08-31,Academy Awards,35
Academy Award for Best Cinematography,Release Date (Descending),tt0042646,43388,King Solomon's Mines,1950-11-09,Academy Awards,34
Academy Award for Best Cinematography,Release Date (Descending),tt0041163,31623,Battleground,1949-11-09,Academy Awards,33
Academy Award for Best Cinematography,Release Date (Descending),tt0041866,13909,She Wore a Yellow Ribbon,1949-10-22,Academy Awards,32
Academy Award for Best Cinematography,Release Date (Descending),tt0040636,20482,The Naked City,1948-03-04,Academy Awards,31
Academy Award for Best Cinematography,Release Date (Descending),tt0040491,43443,Joan of Arc,1948-12-22,Academy Awards,30
Academy Award for Best Cinematography,Release Date (Descending),tt0038574,14320,Great Expectations,1946-12-26,Academy Awards,29
Academy Award for Best Cinematography,Release Date (Descending),tt0039192,16391,Black Narcissus,1947-05-26,Academy Awards,28
Academy Award for Best Cinematography,Release Date (Descending),tt0038303,43471,Anna and the King of Siam,1946-08-11,Academy Awards,27
Academy Award for Best Cinematography,Release Date (Descending),tt0039111,19049,The Yearling,1946-12-18,Academy Awards,26
Academy Award for Best Cinematography,Release Date (Descending),tt0037988,16559,The Picture of Dorian Gray,1945-03-03,Academy Awards,25
Academy Award for Best Cinematography,Release Date (Descending),tt0037865,17645,Leave Her to Heaven,1945-12-25,Academy Awards,24
Academy Award for Best Cinematography,Release Date (Descending),tt0037008,1939,Laura,1944-10-11,Academy Awards,23
Academy Award for Best Cinematography,Release Date (Descending),tt0037465,84084,Wilson,1944-08-01,Academy Awards,22
Academy Award for Best Cinematography,Release Date (Descending),tt0036377,43516,The Song of Bernadette,1943-12-21,Academy Awards,21
Academy Award for Best Cinematography,Release Date (Descending),tt0036261,15855,Phantom of the Opera,1943-08-12,Academy Awards,20
Academy Award for Best Cinematography,Release Date (Descending),tt0035093,27367,Mrs. Miniver,1942-07-03,Academy Awards,19
Academy Award for Best Cinematography,Release Date (Descending),tt0034522,29882,The Black Swan,1942-12-04,Academy Awards,18
Academy Award for Best Cinematography,Release Date (Descending),tt0033729,43266,How Green Was My Valley,1941-10-28,Academy Awards,17
Academy Award for Best Cinematography,Release Date (Descending),tt0033405,44399,Blood and Sand,1941-05-30,Academy Awards,16
Academy Award for Best Cinematography,Release Date (Descending),tt0032976,223,Rebecca,1940-03-23,Academy Awards,15
Academy Award for Best Cinematography,Release Date (Descending),tt0033152,12232,The Thief of Bagdad,1940-12-25,Academy Awards,14
Academy Award for Best Cinematography,Release Date (Descending),tt0032145,3084,Wuthering Heights,1939-04-07,Academy Awards,13
Academy Award for Best Cinematography,Release Date (Descending),tt0031381,770,Gone with the Wind,1939-12-15,Academy Awards,12
Academy Award for Best Cinematography,Release Date (Descending),tt0030202,62567,The Great Waltz,1938-11-04,Academy Awards,11
Academy Award for Best Cinematography,Release Date (Descending),tt0028944,36652,The Good Earth,1937-06-02,Academy Awards,10
Academy Award for Best Cinematography,Release Date (Descending),tt0027300,37658,Anthony Adverse,1936-08-26,Academy Awards,9
Academy Award for Best Cinematography,Release Date (Descending),tt0026714,19075,A Midsummer Night's Dream,1935-10-09,Academy Awards,8
Academy Award for Best Cinematography,Release Date (Descending),tt0024991,43902,Cleopatra,1934-10-05,Academy Awards,7
Academy Award for Best Cinematography,Release Date (Descending),tt0022879,22649,A Farewell to Arms,1932-12-08,Academy Awards,6
Academy Award for Best Cinematography,Release Date (Descending),tt0023458,875,Shanghai Express,1932-02-12,Academy Awards,5
Academy Award for Best Cinematography,Release Date (Descending),tt0022458,977,Tabu,1931-08-01,Academy Awards,4
Academy Award for Best Cinematography,Release Date (Descending),tt0020594,101383,With Byrd at the South Pole,1930-06-19,Academy Awards,3
Academy Award for Best Cinematography,Release Date (Descending),tt0019574,53161,White Shadows in the South Seas,1928-11-11,Academy Awards,2
Academy Award for Best Cinematography,Release Date (Descending),tt0018455,631,Sunrise: A Song of Two Humans,1927-11-04,Academy Awards,1
Academy Award for Best Costume Design,Release Date (Descending),tt14230458,792307,Poor Things,2023-12-07,Academy Awards,93
Academy Award for Best Costume Design,Release Date (Descending),tt9114286,505642,Black Panther: Wakanda Forever,2022-11-09,Academy Awards,92
Academy Award for Best Costume Design,Release Date (Descending),tt3228774,337404,Cruella,2021-05-26,Academy Awards,91
Academy Award for Best Costume Design,Release Date (Descending),tt10514222,615667,Ma Rainey's Black Bottom,2020-11-25,Academy Awards,90
Academy Award for Best Costume Design,Release Date (Descending),tt3281548,331482,Little Women,2019-12-25,Academy Awards,89
Academy Award for Best Costume Design,Release Date (Descending),tt1825683,284054,Black Panther,2018-02-13,Academy Awards,88
Academy Award for Best Costume Design,Release Date (Descending),tt5776858,400617,Phantom Thread,2017-12-25,Academy Awards,87
Academy Award for Best Costume Design,Release Date (Descending),tt3183660,259316,Fantastic Beasts and Where to Find Them,2016-11-16,Academy Awards,86
Academy Award for Best Costume Design,Release Date (Descending),tt1392190,76341,Mad Max: Fury Road,2015-05-13,Academy Awards,85
Academy Award for Best Costume Design,Release Date (Descending),tt2278388,120467,The Grand Budapest Hotel,2014-02-26,Academy Awards,84
Academy Award for Best Costume Design,Release Date (Descending),tt1343092,64682,The Great Gatsby,2013-05-09,Academy Awards,83
Academy Award for Best Costume Design,Release Date (Descending),tt1781769,96724,Anna Karenina,2012-09-06,Academy Awards,82
Academy Award for Best Costume Design,Release Date (Descending),tt1655442,74643,The Artist,2011-10-12,Academy Awards,81
Academy Award for Best Costume Design,Release Date (Descending),tt1014759,12155,Alice in Wonderland,2010-03-03,Academy Awards,80
Academy Award for Best Costume Design,Release Date (Descending),tt0962736,18320,The Young Victoria,2009-03-04,Academy Awards,79
Academy Award for Best Costume Design,Release Date (Descending),tt0864761,12783,The Duchess,2008-09-05,Academy Awards,78
Academy Award for Best Costume Design,Release Date (Descending),tt0414055,4517,Elizabeth: The Golden Age,2007-09-09,Academy Awards,77
Academy Award for Best Costume Design,Release Date (Descending),tt0422720,1887,Marie Antoinette,2006-05-24,Academy Awards,76
Academy Award for Best Costume Design,Release Date (Descending),tt0397535,1904,Memoirs of a Geisha,2005-12-06,Academy Awards,75
Academy Award for Best Costume Design,Release Date (Descending),tt0338751,2567,The Aviator,2004-12-17,Academy Awards,74
Academy Award for Best Costume Design,Release Date (Descending),tt0167260,122,The Lord of the Rings: The Return of the King,2003-12-01,Academy Awards,73
Academy Award for Best Costume Design,Release Date (Descending),tt0299658,1574,Chicago,2002-12-10,Academy Awards,72
Academy Award for Best Costume Design,Release Date (Descending),tt0203009,824,Moulin Rouge!,2001-05-24,Academy Awards,71
Academy Award for Best Costume Design,Release Date (Descending),tt0172495,98,Gladiator,2000-05-04,Academy Awards,70
Academy Award for Best Costume Design,Release Date (Descending),tt0151568,46435,Topsy-Turvy,1999-12-15,Academy Awards,69
Academy Award for Best Costume Design,Release Date (Descending),tt0138097,1934,Shakespeare in Love,1998-12-11,Academy Awards,68
Academy Award for Best Costume Design,Release Date (Descending),tt0120338,597,Titanic,1997-11-18,Academy Awards,67
Academy Award for Best Costume Design,Release Date (Descending),tt0116209,409,The English Patient,1996-11-14,Academy Awards,66
Academy Award for Best Costume Design,Release Date (Descending),tt0114272,35196,Restoration,1995-12-29,Academy Awards,65
Academy Award for Best Costume Design,Release Date (Descending),tt0109045,2759,The Adventures of Priscilla, Queen of the Desert,Academy Awards,64
Academy Award for Best Costume Design,Release Date (Descending),tt0106226,10436,The Age of Innocence,1993-09-10,Academy Awards,63
Academy Award for Best Costume Design,Release Date (Descending),tt0103874,6114,Bram Stoker's Dracula,1992-11-13,Academy Awards,62
Academy Award for Best Costume Design,Release Date (Descending),tt0101516,10337,Bugsy,1991-12-10,Academy Awards,61
Academy Award for Best Costume Design,Release Date (Descending),tt0099334,11673,Cyrano de Bergerac,1990-03-28,Academy Awards,60
Academy Award for Best Costume Design,Release Date (Descending),tt0097499,10705,Henry V,1989-10-05,Academy Awards,59
Academy Award for Best Costume Design,Release Date (Descending),tt0094947,859,Dangerous Liaisons,1988-12-21,Academy Awards,58
Academy Award for Best Costume Design,Release Date (Descending),tt0093389,746,The Last Emperor,1987-10-04,Academy Awards,57
Academy Award for Best Costume Design,Release Date (Descending),tt0091867,11257,A Room with a View,1986-03-07,Academy Awards,56
Academy Award for Best Costume Design,Release Date (Descending),tt0089881,11645,Ran,1985-06-01,Academy Awards,55
Academy Award for Best Costume Design,Release Date (Descending),tt0086879,279,Amadeus,1984-09-19,Academy Awards,54
Academy Award for Best Costume Design,Release Date (Descending),tt0083922,5961,Fanny and Alexander,1982-12-17,Academy Awards,53
Academy Award for Best Costume Design,Release Date (Descending),tt0083987,783,Gandhi,1982-12-01,Academy Awards,52
Academy Award for Best Costume Design,Release Date (Descending),tt0082158,9443,Chariots of Fire,1981-05-15,Academy Awards,51
Academy Award for Best Costume Design,Release Date (Descending),tt0080009,11121,Tess,1979-10-06,Academy Awards,50
Academy Award for Best Costume Design,Release Date (Descending),tt0078754,16858,All That Jazz,1979-12-16,Academy Awards,49
Academy Award for Best Costume Design,Release Date (Descending),tt0077413,4192,Death on the Nile,1978-09-29,Academy Awards,48
Academy Award for Best Costume Design,Release Date (Descending),tt0076759,11,Star Wars,1977-05-25,Academy Awards,47
Academy Award for Best Costume Design,Release Date (Descending),tt0074291,42236,Fellini's Casanova,1976-12-10,Academy Awards,46
Academy Award for Best Costume Design,Release Date (Descending),tt0072684,3175,Barry Lyndon,1975-12-18,Academy Awards,45
Academy Award for Best Costume Design,Release Date (Descending),tt0071577,11034,The Great Gatsby,1974-03-27,Academy Awards,44
Academy Award for Best Costume Design,Release Date (Descending),tt0070735,9277,The Sting,1973-12-25,Academy Awards,43
Academy Award for Best Costume Design,Release Date (Descending),tt0069404,5183,Travels with My Aunt,1972-12-17,Academy Awards,42
Academy Award for Best Costume Design,Release Date (Descending),tt0067483,38646,Nicholas and Alexandra,1971-11-29,Academy Awards,41
Academy Award for Best Costume Design,Release Date (Descending),tt0065593,31675,Cromwell,1970-08-14,Academy Awards,40
Academy Award for Best Costume Design,Release Date (Descending),tt0064030,22522,Anne of the Thousand Days,1969-12-18,Academy Awards,39
Academy Award for Best Costume Design,Release Date (Descending),tt0063518,6003,Romeo and Juliet,1968-04-02,Academy Awards,38
Academy Award for Best Costume Design,Release Date (Descending),tt0061439,18978,Camelot,1967-10-25,Academy Awards,37
Academy Award for Best Costume Design,Release Date (Descending),tt0061184,396,Who's Afraid of Virginia Woolf?,1966-06-22,Academy Awards,36
Academy Award for Best Costume Design,Release Date (Descending),tt0060665,874,A Man for All Seasons,1966-12-13,Academy Awards,35
Academy Award for Best Costume Design,Release Date (Descending),tt0059084,24134,Darling,1965-08-03,Academy Awards,34
Academy Award for Best Costume Design,Release Date (Descending),tt0059113,907,Doctor Zhivago,1965-12-22,Academy Awards,33
Academy Award for Best Costume Design,Release Date (Descending),tt0058404,14703,The Night of the Iguana,1964-08-06,Academy Awards,32
Academy Award for Best Costume Design,Release Date (Descending),tt0058385,11113,My Fair Lady,1964-10-21,Academy Awards,31
Academy Award for Best Costume Design,Release Date (Descending),tt0056801,422,8½,1963-02-14,Academy Awards,30
Academy Award for Best Costume Design,Release Date (Descending),tt0056937,8095,Cleopatra,1963-06-12,Academy Awards,29
Academy Award for Best Costume Design,Release Date (Descending),tt0056687,10242,What Ever Happened to Baby Jane?,1962-10-31,Academy Awards,28
Academy Award for Best Costume Design,Release Date (Descending),tt0056700,28367,The Wonderful World of the Brothers Grimm,1962-08-07,Academy Awards,27
Academy Award for Best Costume Design,Release Date (Descending),tt0053779,439,La Dolce Vita,1960-02-05,Academy Awards,26
Academy Award for Best Costume Design,Release Date (Descending),tt0055614,1725,West Side Story,1961-12-13,Academy Awards,25
Academy Award for Best Costume Design,Release Date (Descending),tt0053810,39219,The Facts of Life,1960-11-14,Academy Awards,24
Academy Award for Best Costume Design,Release Date (Descending),tt0054331,967,Spartacus,1960-10-13,Academy Awards,23
Academy Award for Best Costume Design,Release Date (Descending),tt0053291,239,Some Like It Hot,1959-03-19,Academy Awards,22
Academy Award for Best Costume Design,Release Date (Descending),tt0052618,665,Ben-Hur,1959-11-18,Academy Awards,21
Academy Award for Best Costume Design,Release Date (Descending),tt0051658,17281,Gigi,1958-05-15,Academy Awards,20
Academy Award for Best Costume Design,Release Date (Descending),tt0050631,43232,Les Girls,1957-10-03,Academy Awards,19
Academy Award for Best Costume Design,Release Date (Descending),tt0049777,78331,The Solid Gold Cadillac,1956-08-22,Academy Awards,18
Academy Award for Best Costume Design,Release Date (Descending),tt0049408,16520,The King and I,1956-06-29,Academy Awards,17
Academy Award for Best Costume Design,Release Date (Descending),tt0048191,28575,I'll Cry Tomorrow,1955-12-25,Academy Awards,16
Academy Award for Best Costume Design,Release Date (Descending),tt0048316,53879,Love Is a Many-Splendored Thing,1955-08-18,Academy Awards,15
Academy Award for Best Costume Design,Release Date (Descending),tt0047437,6620,Sabrina,1954-09-10,Academy Awards,14
Academy Award for Best Costume Design,Release Date (Descending),tt0045935,43349,Gate of Hell,1953-10-30,Academy Awards,13
Academy Award for Best Costume Design,Release Date (Descending),tt0046250,804,Roman Holiday,1953-08-26,Academy Awards,12
Academy Award for Best Costume Design,Release Date (Descending),tt0046247,29912,The Robe,1953-09-16,Academy Awards,11
Academy Award for Best Costume Design,Release Date (Descending),tt0044391,32499,The Bad and the Beautiful,1952-12-25,Academy Awards,10
Academy Award for Best Costume Design,Release Date (Descending),tt0044926,10910,Moulin Rouge,1952-12-23,Academy Awards,9
Academy Award for Best Costume Design,Release Date (Descending),tt0043924,25673,A Place in the Sun,1951-06-12,Academy Awards,8
Academy Award for Best Costume Design,Release Date (Descending),tt0043278,2769,An American in Paris,1951-09-26,Academy Awards,7
Academy Award for Best Costume Design,Release Date (Descending),tt0042192,705,All About Eve,1950-11-09,Academy Awards,6
Academy Award for Best Costume Design,Release Date (Descending),tt0041838,29993,Samson and Delilah,1949-12-21,Academy Awards,5
Academy Award for Best Costume Design,Release Date (Descending),tt0041452,28571,The Heiress,1949-10-06,Academy Awards,4
Academy Award for Best Costume Design,Release Date (Descending),tt0040076,34233,Adventures of Don Juan,1948-12-24,Academy Awards,3
Academy Award for Best Costume Design,Release Date (Descending),tt0040416,23383,Hamlet,1948-12-10,Academy Awards,2
Academy Award for Best Costume Design,Release Date (Descending),tt0040491,43443,Joan of Arc,1948-12-22,Academy Awards,1
Academy Award for Best Original Screenplay,Release Date (Descending),tt17009710,915935,Anatomy of a Fall,2023-08-23,Academy Awards,82
Academy Award for Best Original Screenplay,Release Date (Descending),tt6710474,545611,Everything Everywhere All at Once,2022-03-24,Academy Awards,81
Academy Award for Best Original Screenplay,Release Date (Descending),tt12789558,777270,Belfast,2021-11-12,Academy Awards,80
Academy Award for Best Original Screenplay,Release Date (Descending),tt9620292,582014,Promising Young Woman,2020-12-13,Academy Awards,79
Academy Award for Best Original Screenplay,Release Date (Descending),tt6751668,496243,Parasite,2019-05-30,Academy Awards,78
Academy Award for Best Original Screenplay,Release Date (Descending),tt6966692,490132,Green Book,2018-11-16,Academy Awards,77
Academy Award for Best Original Screenplay,Release Date (Descending),tt5052448,419430,Get Out,2017-02-24,Academy Awards,76
Academy Award for Best Original Screenplay,Release Date (Descending),tt4034228,334541,Manchester by the Sea,2016-11-18,Academy Awards,75
Academy Award for Best Original Screenplay,Release Date (Descending),tt1895587,314365,Spotlight,2015-11-06,Academy Awards,74
Academy Award for Best Original Screenplay,Release Date (Descending),tt2562232,194662,Birdman or (The Unexpected Virtue of Ignorance),2014-10-17,Academy Awards,73
Academy Award for Best Original Screenplay,Release Date (Descending),tt1798709,152601,Her,2013-12-18,Academy Awards,72
Academy Award for Best Original Screenplay,Release Date (Descending),tt1853728,68718,Django Unchained,2012-12-25,Academy Awards,71
Academy Award for Best Original Screenplay,Release Date (Descending),tt1605783,59436,Midnight in Paris,2011-05-11,Academy Awards,70
Academy Award for Best Original Screenplay,Release Date (Descending),tt1504320,45269,The King's Speech,2010-11-26,Academy Awards,69
Academy Award for Best Original Screenplay,Release Date (Descending),tt0887912,12162,The Hurt Locker,2008-10-10,Academy Awards,68
Academy Award for Best Original Screenplay,Release Date (Descending),tt1013753,10139,Milk,2008-11-05,Academy Awards,67
Academy Award for Best Original Screenplay,Release Date (Descending),tt0467406,7326,Juno,2007-12-05,Academy Awards,66
Academy Award for Best Original Screenplay,Release Date (Descending),tt0449059,773,Little Miss Sunshine,2006-07-26,Academy Awards,65
Academy Award for Best Original Screenplay,Release Date (Descending),tt0375679,1640,Crash,2005-05-06,Academy Awards,64
Academy Award for Best Original Screenplay,Release Date (Descending),tt0338013,38,Eternal Sunshine of the Spotless Mind,2004-03-19,Academy Awards,63
Academy Award for Best Original Screenplay,Release Date (Descending),tt0335266,153,Lost in Translation,2003-09-18,Academy Awards,62
Academy Award for Best Original Screenplay,Release Date (Descending),tt0287467,64,Talk to Her,2002-03-15,Academy Awards,61
Academy Award for Best Original Screenplay,Release Date (Descending),tt0280707,5279,Gosford Park,2001-11-07,Academy Awards,60
Academy Award for Best Original Screenplay,Release Date (Descending),tt0181875,786,Almost Famous,2000-09-15,Academy Awards,59
Academy Award for Best Original Screenplay,Release Date (Descending),tt0169547,14,American Beauty,1999-09-15,Academy Awards,58
Academy Award for Best Original Screenplay,Release Date (Descending),tt0138097,1934,Shakespeare in Love,1998-12-11,Academy Awards,57
Academy Award for Best Original Screenplay,Release Date (Descending),tt0119217,489,Good Will Hunting,1997-12-05,Academy Awards,56
Academy Award for Best Original Screenplay,Release Date (Descending),tt0116282,275,Fargo,1996-03-08,Academy Awards,55
Academy Award for Best Original Screenplay,Release Date (Descending),tt0114814,629,The Usual Suspects,1995-07-19,Academy Awards,54
Academy Award for Best Original Screenplay,Release Date (Descending),tt0110912,680,Pulp Fiction,1994-09-10,Academy Awards,53
Academy Award for Best Original Screenplay,Release Date (Descending),tt0107822,713,The Piano,1993-05-18,Academy Awards,52
Academy Award for Best Original Screenplay,Release Date (Descending),tt0104036,11386,The Crying Game,1992-09-02,Academy Awards,51
Academy Award for Best Original Screenplay,Release Date (Descending),tt0103074,1541,Thelma & Louise,1991-05-24,Academy Awards,50
Academy Award for Best Original Screenplay,Release Date (Descending),tt0099653,251,Ghost,1990-07-13,Academy Awards,49
Academy Award for Best Original Screenplay,Release Date (Descending),tt0097165,207,Dead Poets Society,1989-06-02,Academy Awards,48
Academy Award for Best Original Screenplay,Release Date (Descending),tt0095953,380,Rain Man,1988-12-12,Academy Awards,47
Academy Award for Best Original Screenplay,Release Date (Descending),tt0093565,2039,Moonstruck,1987-12-16,Academy Awards,46
Academy Award for Best Original Screenplay,Release Date (Descending),tt0091167,5143,Hannah and Her Sisters,1986-02-07,Academy Awards,45
Academy Award for Best Original Screenplay,Release Date (Descending),tt0090329,9281,Witness,1985-02-08,Academy Awards,44
Academy Award for Best Original Screenplay,Release Date (Descending),tt0087921,13681,Places in the Heart,1984-09-11,Academy Awards,43
Academy Award for Best Original Screenplay,Release Date (Descending),tt0086423,42121,Tender Mercies,1983-03-04,Academy Awards,42
Academy Award for Best Original Screenplay,Release Date (Descending),tt0083987,783,Gandhi,1982-12-01,Academy Awards,41
Academy Award for Best Original Screenplay,Release Date (Descending),tt0082158,9443,Chariots of Fire,1981-05-15,Academy Awards,40
Academy Award for Best Original Screenplay,Release Date (Descending),tt0081150,38772,Melvin and Howard,1980-09-19,Academy Awards,39
Academy Award for Best Original Screenplay,Release Date (Descending),tt0078902,20283,Breaking Away,1979-05-24,Academy Awards,38
Academy Award for Best Original Screenplay,Release Date (Descending),tt0077362,31657,Coming Home,1978-02-15,Academy Awards,37
Academy Award for Best Original Screenplay,Release Date (Descending),tt0075686,703,Annie Hall,1977-04-19,Academy Awards,36
Academy Award for Best Original Screenplay,Release Date (Descending),tt0074958,10774,Network,1976-11-14,Academy Awards,35
Academy Award for Best Original Screenplay,Release Date (Descending),tt0072890,968,Dog Day Afternoon,1975-09-21,Academy Awards,34
Academy Award for Best Original Screenplay,Release Date (Descending),tt0071315,829,Chinatown,1974-06-20,Academy Awards,33
Academy Award for Best Original Screenplay,Release Date (Descending),tt0070735,9277,The Sting,1973-12-25,Academy Awards,32
Academy Award for Best Original Screenplay,Release Date (Descending),tt0068334,21711,The Candidate,1972-06-29,Academy Awards,31
Academy Award for Best Original Screenplay,Release Date (Descending),tt0067217,32082,The Hospital,1971-12-14,Academy Awards,30
Academy Award for Best Original Screenplay,Release Date (Descending),tt0066206,11202,Patton,1970-01-25,Academy Awards,29
Academy Award for Best Original Screenplay,Release Date (Descending),tt0064115,642,Butch Cassidy and the Sundance Kid,1969-09-23,Academy Awards,28
Academy Award for Best Original Screenplay,Release Date (Descending),tt0063462,30197,The Producers,1968-03-18,Academy Awards,27
Academy Award for Best Original Screenplay,Release Date (Descending),tt0061735,1879,Guess Who's Coming to Dinner,1967-12-11,Academy Awards,26
Academy Award for Best Original Screenplay,Release Date (Descending),tt0061138,42726,A Man and a Woman,1966-05-27,Academy Awards,25
Academy Award for Best Original Screenplay,Release Date (Descending),tt0059084,24134,Darling,1965-08-03,Academy Awards,24
Academy Award for Best Original Screenplay,Release Date (Descending),tt0058092,30295,Father Goose,1964-12-10,Academy Awards,23
Academy Award for Best Original Screenplay,Release Date (Descending),tt0056085,11897,How the West Was Won,1962-11-02,Academy Awards,22
Academy Award for Best Original Screenplay,Release Date (Descending),tt0055913,20271,Divorce Italian Style,1961-12-20,Academy Awards,21
Academy Award for Best Original Screenplay,Release Date (Descending),tt0055471,28569,Splendor in the Grass,1961-10-10,Academy Awards,20
Academy Award for Best Original Screenplay,Release Date (Descending),tt0053172,4952,Pillow Talk,1959-10-07,Academy Awards,19
Academy Award for Best Original Screenplay,Release Date (Descending),tt0051525,11414,The Defiant Ones,1958-08-14,Academy Awards,18
Academy Award for Best Original Screenplay,Release Date (Descending),tt0050306,33668,Designing Woman,1957-05-16,Academy Awards,17
Academy Award for Best Original Screenplay,Release Date (Descending),tt0048210,43318,Interrupted Melody,1955-05-05,Academy Awards,16
Academy Award for Best Original Screenplay,Release Date (Descending),tt0047296,654,On the Waterfront,1954-06-22,Academy Awards,15
Academy Award for Best Original Screenplay,Release Date (Descending),tt0046435,16535,Titanic,1953-04-11,Academy Awards,14
Academy Award for Best Original Screenplay,Release Date (Descending),tt0044829,32961,The Lavender Hill Mob,1951-06-28,Academy Awards,13
Academy Award for Best Original Screenplay,Release Date (Descending),tt0043278,2769,An American in Paris,1951-09-26,Academy Awards,12
Academy Award for Best Original Screenplay,Release Date (Descending),tt0043014,599,Sunset Boulevard,1950-08-10,Academy Awards,11
Academy Award for Best Original Screenplay,Release Date (Descending),tt0041163,31623,Battleground,1949-11-09,Academy Awards,10
Academy Award for Best Original Screenplay,Release Date (Descending),tt0040897,3090,The Treasure of the Sierra Madre,1948-01-15,Academy Awards,9
Academy Award for Best Original Screenplay,Release Date (Descending),tt0039169,27437,The Bachelor and the Bobby-Soxer,1947-09-01,Academy Awards,8
Academy Award for Best Original Screenplay,Release Date (Descending),tt0038924,43495,The Seventh Veil,1945-10-18,Academy Awards,7
Academy Award for Best Original Screenplay,Release Date (Descending),tt0037899,205685,Marie-Louise,1944-06-18,Academy Awards,6
Academy Award for Best Original Screenplay,Release Date (Descending),tt0037465,84084,Wilson,1944-08-01,Academy Awards,5
Academy Award for Best Original Screenplay,Release Date (Descending),tt0036277,33039,Princess O'Rourke,1943-10-23,Academy Awards,4
Academy Award for Best Original Screenplay,Release Date (Descending),tt0035567,20640,Woman of the Year,1942-02-05,Academy Awards,3
Academy Award for Best Original Screenplay,Release Date (Descending),tt0033467,15,Citizen Kane,1941-04-17,Academy Awards,2
Academy Award for Best Original Screenplay,Release Date (Descending),tt0032554,36495,The Great McGinty,1940-08-01,Academy Awards,1
Mood Boosters,Popularity,tt0454921,1402,The Pursuit of Happyness,2006-12-14,Thematic,1
Mood Boosters,Popularity,tt0211915,194,Amélie,2001-04-25,Thematic,2
Mood Boosters,Popularity,tt0109830,13,Forrest Gump,1994-06-23,Thematic,3
Mood Boosters,Popularity,tt1675434,77338,The Intouchables,2011-11-02,Thematic,4
Mood Boosters,Popularity,tt0449059,773,Little Miss Sunshine,2006-07-26,Thematic,5
Mood Boosters,Popularity,tt2278388,120467,The Grand Budapest Hotel,2014-02-26,Thematic,6
Mood Boosters,Popularity,tt0332379,1584,School of Rock,2003-10-03,Thematic,7
Mood Boosters,Popularity,tt1049413,14160,Up,2009-05-28,Thematic,8
Mood Boosters,Popularity,tt4468740,346648,Paddington 2,2017-11-09,Thematic,9
Mood Boosters,Popularity,tt3783958,313369,La La Land,2016-11-29,Thematic,10
Mood Boosters,Popularity,tt0249462,71,Billy Elliot,2000-09-28,Thematic,11
Mood Boosters,Popularity,tt0359950,116745,The Secret Life of Walter Mitty,2013-12-18,Thematic,12
Mood Boosters,Popularity,tt3544112,369557,Sing Street,2016-03-11,Thematic,13
Mood Boosters,Popularity,tt2883512,212778,Chef,2014-05-08,Thematic,14
Mood Boosters,Popularity,tt2980648,228194,The Hundred-Foot Journey,2014-08-06,Thematic,15
Mood Boosters,Popularity,tt1135503,24803,Julie & Julia,2009-08-06,Thematic,16
Mood Boosters,Popularity,tt0461770,4523,Enchanted,2007-11-20,Thematic,17
Mood Boosters,Popularity,tt0093779,2493,The Princess Bride,1987-09-25,Thematic,18
Mood Boosters,Popularity,tt0795421,11631,Mamma Mia!,2008-07-03,Thematic,19
Mood Boosters,Popularity,tt4698684,371645,Hunt for the Wilderpeople,2016-03-31,Thematic,20
Dark and Gritty,Popularity,tt0114369,807,Se7en,1995-09-22,Thematic,1
Dark and Gritty,Popularity,tt1392214,146233,Prisoners,2013-09-19,Thematic,2
Dark and Gritty,Popularity,tt2267998,210577,Gone Girl,2014-10-01,Thematic,3
Dark and Gritty,Popularity,tt0443706,1949,Zodiac,2007-03-02,Thematic,4
Dark and Gritty,Popularity,tt2872718,242582,Nightcrawler,2014-10-23,Thematic,5
Dark and Gritty,Popularity,tt1568346,65754,The Girl with the Dragon Tattoo,2011-12-14,Thematic,6
Dark and Gritty,Popularity,tt1132620,15472,The Girl with the Dragon Tattoo,2009-02-27,Thematic,7
Dark and Gritty,Popularity,tt0364569,670,Oldboy,2003-11-21,Thematic,8
Dark and Gritty,Popularity,tt0780504,64690,Drive,2011-09-15,Thematic,9
Dark and Gritty,Popularity,tt0477348,6977,No Country for Old Men,2007-06-13,Thematic,10
Dark and Gritty,Popularity,tt0327056,322,Mystic River,2003-03-03,Thematic,11
Dark and Gritty,Popularity,tt0401792,187,Sin City,2005-04-01,Thematic,12
Dark and Gritty,Popularity,tt0407887,1422,The Departed,2006-10-04,Thematic,13
Dark and Gritty,Popularity,tt3397884,273481,Sicario,2015-09-17,Thematic,14
Dark and Gritty,Popularity,tt0113277,949,Heat,1995-12-15,Thematic,15
Dark and Gritty,Popularity,tt0209144,77,Memento,2000-10-11,Thematic,16
Dark and Gritty,Popularity,tt0083658,78,Blade Runner,1982-06-25,Thematic,17
Dark and Gritty,Popularity,tt1856101,335984,Blade Runner 2049,2017-10-04,Thematic,18
Dark and Gritty,Popularity,tt0102926,274,The Silence of the Lambs,1991-02-14,Thematic,19
Inspiring Movies,Popularity,tt0111161,278,The Shawshank Redemption,1994-09-23,Thematic,1
Inspiring Movies,Popularity,tt0268978,453,A Beautiful Mind,2001-12-14,Thematic,2
Inspiring Movies,Popularity,tt0097165,207,Dead Poets Society,1989-06-02,Thematic,3
Inspiring Movies,Popularity,tt1010048,12405,Slumdog Millionaire,2008-11-12,Thematic,4
Inspiring Movies,Popularity,tt0075148,1366,Rocky,1976-11-20,Thematic,5
Inspiring Movies,Popularity,tt0119217,489,Good Will Hunting,1997-12-05,Thematic,6
Inspiring Movies,Popularity,tt0195685,462,Erin Brockovich,2000-03-17,Thematic,7
Inspiring Movies,Popularity,tt0210945,10637,Remember the Titans,2000-09-29,Thematic,8
Inspiring Movies,Popularity,tt0878804,22881,The Blind Side,2009-11-20,Thematic,9
Inspiring Movies,Popularity,tt2980516,266856,The Theory of Everything,2014-11-26,Thematic,10
Inspiring Movies,Popularity,tt1057500,22954,Invictus,2009-12-11,Thematic,11
Inspiring Movies,Popularity,tt0253474,423,The Pianist,2002-09-17,Thematic,12
Inspiring Movies,Popularity,tt0454876,87827,Life of Pi,2012-11-20,Thematic,13
Inspiring Movies,Popularity,tt0129290,10312,Patch Adams,1998-12-25,Thematic,14
Inspiring Movies,Popularity,tt0120689,497,The Green Mile,1999-12-10,Thematic,15
Inspiring Movies,Popularity,tt1542344,44115,127 Hours,2010-11-12,Thematic,16
Inspiring Movies,Popularity,tt0416212,12837,The Secret Life of Bees,2008-09-17,Thematic,17
Inspiring Movies,Popularity,tt0132477,13466,October Sky,1999-02-19,Thematic,18
Inspiring Movies,Popularity,tt1596346,43959,Soul Surfer,2011-04-08,Thematic,19
Inspiring Movies,Popularity,tt0120731,10376,The Legend of 1900,1998-10-28,Thematic,20
Tear Jerkers,Popularity,tt2582846,222935,The Fault in Our Stars,2014-05-16,Thematic,1
Tear Jerkers,Popularity,tt0822832,14306,Marley & Me,2008-12-25,Thematic,2
Tear Jerkers,Popularity,tt0102492,4032,My Girl,1991-11-27,Thematic,3
Tear Jerkers,Popularity,tt0281358,10229,A Walk to Remember,2002-01-25,Thematic,4
Tear Jerkers,Popularity,tt0120338,597,Titanic,1997-11-18,Thematic,5
Tear Jerkers,Popularity,tt0332280,11036,The Notebook,2004-06-25,Thematic,6
Tear Jerkers,Popularity,tt0203009,824,Moulin Rouge!,2001-05-24,Thematic,7
Tear Jerkers,Popularity,tt1028532,28178,Hachi: A Dog's Tale,2009-06-08,Thematic,8
Tear Jerkers,Popularity,tt1120985,46705,Blue Valentine,2010-12-26,Thematic,9
Tear Jerkers,Popularity,tt0405159,70,Million Dollar Baby,2004-12-15,Thematic,10
Tear Jerkers,Popularity,tt4034228,334541,Manchester by the Sea,2016-11-18,Thematic,11
Tear Jerkers,Popularity,tt0095327,12477,Grave of the Fireflies,1988-04-16,Thematic,12
Tear Jerkers,Popularity,tt2380307,354912,Coco,2017-10-27,Thematic,13
Tear Jerkers,Popularity,tt0454921,1402,The Pursuit of Happyness,2006-12-14,Thematic,14
Tear Jerkers,Popularity,tt3741834,334543,Lion,2016-11-24,Thematic,15
Tear Jerkers,Popularity,tt0120689,497,The Green Mile,1999-12-10,Thematic,16
Tear Jerkers,Popularity,tt0398808,1265,Bridge to Terabithia,2007-02-15,Thematic,17
Tear Jerkers,Popularity,tt0086425,11050,Terms of Endearment,1983-11-20,Thematic,18
Tear Jerkers,Popularity,tt1049413,14160,Up,2009-05-28,Thematic,19
Mind Benders,Popularity,tt1375666,27205,Inception,2010-07-15,Thematic,1
Mind Benders,Popularity,tt0133093,603,The Matrix,1999-03-31,Thematic,2
Mind Benders,Popularity,tt0209144,77,Memento,2000-10-11,Thematic,3
Mind Benders,Popularity,tt6723592,577922,Tenet,2020-08-22,Thematic,4
Mind Benders,Popularity,tt0338013,38,Eternal Sunshine of the Spotless Mind,2004-03-19,Thematic,5
Mind Benders,Popularity,tt0246578,141,Donnie Darko,2001-01-19,Thematic,6
Mind Benders,Popularity,tt0137523,550,Fight Club,1999-10-15,Thematic,7
Mind Benders,Popularity,tt0816692,157336,Interstellar,2014-11-05,Thematic,8
Mind Benders,Popularity,tt2397535,206487,Predestination,2014-08-28,Thematic,9
Mind Benders,Popularity,tt0482571,1124,The Prestige,2006-10-17,Thematic,10
Mind Benders,Popularity,tt1130884,11324,Shutter Island,2010-02-14,Thematic,11
Mind Benders,Popularity,tt0390384,14337,Primer,2004-10-08,Thematic,12
Mind Benders,Popularity,tt2866360,220289,Coherence,2013-09-19,Thematic,13
Mind Benders,Popularity,tt0166924,1018,Mulholland Drive,2001-06-06,Thematic,14
Mind Benders,Popularity,tt0120382,37165,The Truman Show,1998-06-04,Thematic,15
Mind Benders,Popularity,tt1856101,335984,Blade Runner 2049,2017-10-04,Thematic,16
Mind Benders,Popularity,tt0062622,62,2001: A Space Odyssey,1968-04-02,Thematic,17
Mind Benders,Popularity,tt2543164,329865,Arrival,2016-11-10,Thematic,18
Mind Benders,Popularity,tt0167404,745,The Sixth Sense,1999-08-06,Thematic,19
Mind Benders,Popularity,tt1371111,83542,Cloud Atlas,2012-10-26,Thematic,20
Mind Benders,Popularity,tt0259711,1903,Vanilla Sky,2001-12-14,Thematic,21